"Rank","Player","Team","Positions","Best","Worst","Avg","Std Dev","ADP","vs. ADP"
"1","Mike Trout","LAA","CF","1","3","1.1","0.4","1.0","-"
"2","Jose Altuve","HOU","2B","1","4","2.1","0.5","2.0","-"
"3","Nolan Arenado","COL","3B","2","13","3.9","1.9","3.0","-"
"4","Trea Turner","WSH","SS","2","13","6.0","2.5","5.0","+1.0"
"5","Paul Goldschmidt","ARI","1B","3","18","7.1","3.9","4.0","-1.0"
"6","Bryce Harper","WSH","RF","4","15","7.4","2.6","6.0","-"
"7","Mookie Betts","BOS","RF","3","17","7.5","2.8","8.0","+1.0"
"8","Charlie Blackmon","COL","CF","4","12","7.7","2.3","9.0","+1.0"
"9","Giancarlo Stanton","NYY","RF","2","20","9.0","4.2","10.0","+1.0"
"10","Clayton Kershaw","LAD","SP","3","19","9.3","3.7","7.0","-3.0"
"11","Kris Bryant","CHC","3B,RF","4","17","11.9","2.6","13.0","+2.0"
"12","Max Scherzer","WSH","SP","5","23","12.6","4.3","11.0","-1.0"
"13","Carlos Correa","HOU","SS","8","28","13.9","4.5","12.0","-1.0"
"14","Joey Votto","CIN","1B","6","22","14.4","3.8","18.0","+4.0"
"15","Manny Machado","BAL","3B","8","27","16.0","3.8","17.0","+2.0"
"16","Chris Sale","BOS","SP","6","22","16.2","3.2","14.0","-2.0"
"17","Corey Kluber","CLE","SP","7","26","16.3","3.9","15.0","-2.0"
"18","Freddie Freeman","ATL","1B,3B","8","28","17.3","4.2","19.0","+1.0"
"19","Anthony Rizzo","CHC","1B,2B","7","25","18.3","3.9","21.0","+2.0"
"20","Aaron Judge","NYY","RF","10","47","21.1","6.5","16.0","-4.0"
"21","Francisco Lindor","CLE","SS","15","29","21.3","3.0","20.0","-1.0"
"22","Jose Ramirez","CLE","2B,3B","14","61","24.2","8.3","22.0","-"
"23","George Springer","HOU","CF,RF","12","40","25.4","4.7","28.0","+5.0"
"24","Cody Bellinger","LAD","1B,LF","18","59","26.1","6.8","25.0","+1.0"
"25","Josh Donaldson","TOR","3B","15","49","27.2","5.7","29.0","+4.0"
"26","Stephen Strasburg","WSH","SP","15","45","30.0","6.2","27.0","+1.0"
"27","J.D. Martinez","BOS","RF","12","30","21.4","4.0","24.0","-3.0"
"28","Gary Sanchez","NYY","C","11","66","31.3","10.4","23.0","-5.0"
"29","Madison Bumgarner","SF","SP","22","67","31.8","9.0","26.0","-3.0"
"30","Jose Abreu","CWS","1B","19","67","32.3","8.1","37.0","+7.0"
"31","Corey Seager","LAD","SS","20","69","33.7","11.4","31.0","-"
"32","Brian Dozier","MIN","2B","23","60","34.6","6.4","34.0","+2.0"
"33","Noah Syndergaard","NYM","SP","23","68","34.8","8.8","30.0","-3.0"
"34","Jacob deGrom","NYM","SP","26","52","38.6","7.2","36.0","+2.0"
"35","Dee Gordon","SEA","2B","17","85","39.4","12.9","32.0","-3.0"
"36","Nelson Cruz","SEA","RF,DH","12","59","39.5","9.1","54.0","+18.0"
"37","Carlos Carrasco","CLE","SP","28","54","39.8","6.3","33.0","-4.0"
"38","Edwin Encarnacion","CLE","1B,DH","30","66","40.8","8.0","50.0","+12.0"
"39","Starling Marte","PIT","LF,CF","18","65","43.3","9.7","53.0","+14.0"
"40","Justin Upton","LAA","LF","29","79","43.4","9.9","45.0","+5.0"
"41","Andrew Benintendi","BOS","LF,CF","29","82","43.9","10.2","41.0","-"
"42","Alex Bregman","HOU","3B,SS","32","63","44.0","8.0","40.0","-2.0"
"43","Rhys Hoskins","PHI","1B,LF","26","77","44.8","11.4","44.0","+1.0"
"44","Luis Severino","NYY","SP","28","73","46.1","9.1","35.0","-9.0"
"45","Zack Greinke","ARI","SP","23","73","46.1","11.4","42.0","-3.0"
"46","Marcell Ozuna","STL","LF","32","83","46.1","11.9","43.0","-3.0"
"47","Christian Yelich","MIL","CF","20","72","46.3","11.2","52.0","+5.0"
"48","Anthony Rendon","WSH","3B","29","64","47.0","9.3","48.0","-"
"49","Justin Verlander","HOU","SP","26","75","47.7","10.8","39.0","-10.0"
"50","Daniel Murphy","WSH","2B","24","84","50.0","15.8","62.0","+12.0"
"51","Yu Darvish","CHC","SP","39","99","54.1","13.2","49.0","-2.0"
"52","Kenley Jansen","LAD","RP","30","90","54.4","12.2","38.0","-14.0"
"53","A.J. Pollock","ARI","CF","34","104","56.5","14.8","61.0","+8.0"
"54","Khris Davis","OAK","LF,DH","41","77","56.9","9.0","69.0","+15.0"
"55","Wil Myers","SD","1B","49","84","58.1","7.9","66.0","+11.0"
"56","Chris Archer","TB","SP","42","74","59.9","7.4","55.0","-1.0"
"57","Elvis Andrus","TEX","SS","43","82","60.9","8.8","63.0","+6.0"
"58","Carlos Martinez","STL","SP","43","105","61.3","13.6","51.0","-7.0"
"59","Justin Turner","LAD","3B","24","112","61.6","16.8","68.0","+9.0"
"60","Tommy Pham","STL","LF,CF","31","111","61.7","16.9","59.0","-1.0"
"61","Robinson Cano","SEA","2B","35","130","65.3","19.0","79.0","+18.0"
"62","Craig Kimbrel","BOS","RP","33","120","65.8","16.3","47.0","-15.0"
"63","Robbie Ray","ARI","SP","42","184","66.0","25.9","46.0","-17.0"
"64","Byron Buxton","MIN","CF","43","171","67.5","25.3","57.0","-7.0"
"65","Jonathan Schoop","BAL","2B","41","120","67.6","19.0","60.0","-5.0"
"66","Eric Hosmer","SD","1B","29","132","69.8","18.9","77.0","+11.0"
"67","Yoenis Cespedes","NYM","LF ","41","117","69.8","17.9","84.0","+17.0"
"68","Andrew McCutchen","SF","CF,RF","44","97","70.1","9.8","80.0","+12.0"
"69","Xander Bogaerts","BOS","SS","46","102","70.3","13.2","72.0","+3.0"
"70","Aaron Nola","PHI","SP","39","110","73.8","14.9","70.0","-"
"71","James Paxton","SEA","SP","50","97","74.6","11.0","75.0","+4.0"
"72","Miguel Cabrera","DET","1B","43","132","74.9","18.1","88.0","+16.0"
"73","Lorenzo Cain","MIL","CF","48","101","74.9","11.6","85.0","+12.0"
"74","Jean Segura","SEA","SS","33","121","76.6","18.4","76.0","+2.0"
"75","Buster Posey","SF","C,1B","31","149","76.7","25.5","56.0","-19.0"
"76","Dallas Keuchel","HOU","SP","50","108","78.1","13.4","65.0","-11.0"
"77","Ryan Braun","MIL","LF","42","116","79.6","16.3","99.0","+22.0"
"78","Jose Quintana","CHC","SP","57","97","80.0","11.0","71.0","-7.0"
"79","Aroldis Chapman","NYY","RP","57","172","81.0","19.9","67.0","-12.0"
"80","Willson Contreras","CHC","C","36","251","81.5","41.1","58.0","-22.0"
"81","Billy Hamilton","CIN","CF","48","179","84.4","34.4","64.0","-17.0"
"82","Gerrit Cole","HOU","SP","73","141","89.9","15.1","78.0","-4.0"
"83","Whit Merrifield","KC","2B,RF","57","155","91.1","24.0","81.0","-2.0"
"84","Masahiro Tanaka","NYY","SP","60","118","91.3","13.5","86.0","+2.0"
"85","Rougned Odor","TEX","2B","46","139","91.4","23.3","97.0","+12.0"
"86","Roberto Osuna","TOR","RP","69","154","94.3","19.4","82.0","-4.0"
"87","Travis Shaw","MIL","3B","61","199","95.6","27.6","87.0","-"
"88","Rafael Devers","BOS","3B","63","133","96.4","19.6","93.0","+5.0"
"89","Adrian Beltre","TEX","3B,DH","61","162","97.2","23.8","145.0","+56.0"
"90","Corey Knebel","MIL","RP","62","177","100.2","24.2","74.0","-16.0"
"91","Shohei Ohtani","LAA","SP,DH","73","168","100.5","20.1","73.0","-18.0"
"92","DJ LeMahieu","COL","2B","57","174","103.1","28.6","110.0","+18.0"
"93","Kyle Seager","SEA","3B","76","160","103.8","19.0","127.0","+34.0"
"94","David Price","BOS","SP,RP","69","196","104.1","25.6","102.0","+8.0"
"95","Domingo Santana","MIL","RF","60","268","99.8","40.8","83.0","-12.0"
"96","Miguel Sano","MIN","1B,3B,DH","60","175","100.4","25.7","94.0","-2.0"
"97","Kenneth Giles","HOU","RP","71","182","107.2","28.1","90.0","-7.0"
"98","Trevor Story","COL","SS","68","213","107.4","31.1","106.0","+8.0"
"99","Jake Arrieta","","SP ","60","148","101.9","23.5","89.0","-10.0"
"100","Adam Jones","BAL","CF","75","184","108.5","23.2","131.0","+31.0"
"101","Jon Lester","CHC","SP","87","147","108.5","14.2","105.0","+4.0"
"102","Yasiel Puig","LAD","RF","67","152","109.2","18.3","109.0","+7.0"
"103","Justin Smoak","TOR","1B","79","161","111.4","20.4","133.0","+30.0"
"104","Ender Inciarte","ATL","CF","65","156","112.7","17.5","129.0","+25.0"
"105","Jake Lamb","ARI","3B","64","203","112.9","30.4","123.0","+18.0"
"106","Matt Olson","OAK","1B,RF","49","199","114.2","27.1","124.0","+18.0"
"107","Lance McCullers","HOU","SP","62","162","114.5","24.8","117.0","+10.0"
"108","Ian Desmond","COL","1B,LF","61","173","115.5","21.5","126.0","+18.0"
"109","Mike Moustakas","","3B ","68","178","109.5","27.6","111.0","+2.0"
"110","Kyle Hendricks","CHC","SP","74","177","116.7","26.2","103.0","-7.0"
"111","Rich Hill","LAD","SP","54","175","117.1","24.9","115.0","+4.0"
"112","Cody Allen","CLE","RP","80","181","117.4","22.4","96.0","-16.0"
"113","Edwin Diaz","SEA","RP","79","189","118.3","28.9","91.0","-22.0"
"114","Felipe Rivero","PIT","RP","76","191","119.6","32.0","92.0","-22.0"
"115","Adam Eaton","WSH","CF","62","168","120.7","24.2","143.0","+28.0"
"116","Alex Wood","LAD","SP","84","167","120.9","20.5","98.0","-18.0"
"117","Carlos Santana","PHI","1B,RF","68","182","124.1","27.5","148.0","+31.0"
"118","Joey Gallo","TEX","1B,3B,LF","60","206","125.0","29.3","120.0","+2.0"
"119","Raisel Iglesias","CIN","RP","81","211","125.2","27.4","107.0","-12.0"
"120","Wade Davis","COL","RP","87","233","125.5","27.4","104.0","-16.0"
"121","Luis Castillo","CIN","SP","85","182","128.2","25.2","136.0","+15.0"
"122","Matt Carpenter","STL","1B,2B,3B ","74","226","128.6","41.6","137.0","+15.0"
"123","Gregory Polanco","PIT","LF,RF","87","231","129.2","32.3","147.0","+24.0"
"124","Jose Berrios","MIN","SP","82","390","132.4","58.6","95.0","-29.0"
"125","Ryan Zimmerman","WSH","1B","92","241","130.3","27.9","140.0","+15.0"
"126","Johnny Cueto","SF","SP","77","258","131.2","31.3","144.0","+18.0"
"127","Didi Gregorius","NYY","SS","66","185","127.7","25.7","100.0","-27.0"
"128","Chris Taylor","LAD","2B,SS,LF,CF","87","249","133.7","32.7","108.0","-20.0"
"129","Nick Castellanos","DET","3B,RF","71","225","134.9","34.8","114.0","-15.0"
"130","Nomar Mazara","TEX","LF,RF","86","207","136.5","26.6","153.0","+23.0"
"131","Eddie Rosario","MIN","LF,CF,RF","57","279","137.0","45.8","130.0","-1.0"
"132","Marcus Stroman","TOR","SP","72","283","137.8","37.3","112.0","-20.0"
"133","Brad Hand","SD","RP","86","205","139.5","34.5","121.0","-12.0"
"134","Zack Godley","ARI","SP","58","291","141.6","52.3","113.0","-21.0"
"135","Josh Bell","PIT","1B","92","201","141.8","22.1","168.0","+33.0"
"136","Javier Baez","CHC","2B,SS","91","229","143.3","30.5","122.0","-14.0"
"137","Luke Weaver","STL","SP","97","254","143.3","30.3","118.0","-19.0"
"138","Ian Kinsler","LAA","2B","92","227","144.5","31.3","171.0","+33.0"
"139","Sean Doolittle","WSH","RP","92","260","145.6","40.0","125.0","-14.0"
"140","Greg Bird","NYY","1B","99","236","141.1","32.5","158.0","+18.0"
"141","Salvador Perez","KC","C","75","333","147.4","52.6","101.0","-40.0"
"142","Jay Bruce","NYM","1B,RF","92","253","147.7","33.8","141.0","-1.0"
"143","Alexander Colome","TB","RP","110","202","147.9","22.8","128.0","-15.0"
"144","Sonny Gray","NYY","SP","89","275","149.4","34.9","119.0","-25.0"
"145","Brett Gardner","NYY","LF,CF","94","199","151.7","23.7","174.0","+29.0"
"146","Ian Happ","CHC","2B,LF,CF,RF","80","238","151.8","33.2","146.0","-"
"147","Kevin Kiermaier","TB","CF","109","230","153.6","19.5","177.0","+30.0"
"148","Adam Duvall","CIN","LF","114","227","149.0","26.6","152.0","+4.0"
"149","Jeff Samardzija","SF","SP","76","256","154.5","37.7","150.0","+1.0"
"150","Evan Longoria","SF","3B","104","227","155.4","33.6","184.0","+34.0"
"151","J.T. Realmuto","MIA","C,1B","76","336","158.0","52.5","116.0","-35.0"
"152","Odubel Herrera","PHI","CF","77","209","158.5","25.5","202.0","+50.0"
"153","Danny Duffy","KC","SP","101","259","159.2","37.4","160.0","+7.0"
"154","Yoan Moncada","CWS","2B","88","235","155.8","36.4","135.0","-19.0"
"155","Ozzie Albies","ATL","2B","66","298","160.5","51.3","139.0","-16.0"
"156","Steven Souza","ARI","RF","117","266","161.2","31.2","176.0","+20.0"
"157","Manuel Margot","SD","CF","105","248","156.6","35.0","151.0","-6.0"
"158","Justin Bour","MIA","1B","93","275","164.0","37.8","182.0","+24.0"
"159","Evan Gattis","HOU","C,DH","105","353","165.8","43.4","149.0","-10.0"
"160","Eugenio Suarez","CIN","3B","99","267","164.6","31.5","197.0","+37.0"
"161","Jonathan Gray","COL","SP","110","292","166.4","39.1","155.0","-6.0"
"162","Kyle Schwarber","CHC","LF","90","282","167.2","37.8","161.0","-1.0"
"163","Danny Salazar","CLE","SP","101","265","167.3","40.9","163.0","-"
"164","Gio Gonzalez","WSH","SP","101","246","172.5","33.4","142.0","-22.0"
"165","Trey Mancini","BAL","1B,LF","80","262","168.3","39.7","178.0","+13.0"
"166","Michael Conforto","NYM","LF,CF,RF ","104","259","173.9","35.5","180.0","+14.0"
"167","Chris Davis","BAL","1B","127","254","174.2","30.6","209.0","+42.0"
"168","Marwin Gonzalez","HOU","1B,2B,3B,SS,LF","84","277","174.8","46.3","134.0","-34.0"
"169","Trevor Bauer","CLE","SP","111","258","176.5","32.5","138.0","-31.0"
"170","Ronald Acuna","ATL","CF ","87","275","164.3","40.6","164.0","-6.0"
"171","Andrew Miller","CLE","RP","96","256","177.5","34.0","189.0","+18.0"
"172","Eric Thames","MIL","1B,LF","89","268","178.7","40.3","179.0","+7.0"
"173","Eduardo Nunez","BOS","2B,3B,SS,LF","89","344","177.4","60.5","132.0","-41.0"
"174","Mark Melancon","SF","RP","115","243","179.6","36.0","166.0","-8.0"
"175","Michael Fulmer","DET","SP","104","287","180.6","40.6","162.0","-13.0"
"176","Hector Neris","PHI","RP","100","269","181.5","30.4","157.0","-19.0"
"177","Jameson Taillon","PIT","SP","118","265","182.0","36.7","186.0","+9.0"
"178","Yulieski Gurriel","HOU","1B","75","282","174.2","41.2","212.0","+34.0"
"179","Kelvin Herrera","KC","RP","117","268","187.4","36.6","187.0","+8.0"
"180","Drew Pomeranz","BOS","SP","113","257","188.8","28.4","169.0","-11.0"
"181","Avisail Garcia","CWS","RF","98","287","188.9","37.5","192.0","+11.0"
"182","Brandon Morrow","CHC","RP","98","309","185.7","51.0","173.0","-9.0"
"183","Arodys Vizcaino","ATL","RP","124","286","189.3","37.2","156.0","-27.0"
"184","Kenta Maeda","LAD","SP","114","267","192.4","35.2","194.0","+10.0"
"185","Garrett Richards","LAA","SP","105","281","192.6","38.9","172.0","-13.0"
"186","Mark Trumbo","BAL","RF,DH","114","273","189.8","31.7","229.0","+43.0"
"187","Dexter Fowler","STL","CF","135","295","194.1","34.3","243.0","+56.0"
"188","Paul DeJong","STL","2B,SS","99","317","191.1","46.4","154.0","-34.0"
"189","Jeurys Familia","NYM","RP","125","277","194.5","33.9","175.0","-14.0"
"190","Shin-Soo Choo","TEX","RF,DH","144","261","195.5","30.3","253.0","+63.0"
"191","Charlie Morton","HOU","SP","135","267","192.6","33.7","181.0","-10.0"
"192","Yadier Molina","STL","C","120","395","200.8","56.5","165.0","-27.0"
"193","Jonathan Villar","MIL","2B,CF","117","296","198.4","39.3","191.0","-2.0"
"194","Chase Anderson","MIL","SP","110","291","197.8","39.5","167.0","-27.0"
"195","Jackie Bradley","BOS","CF","145","267","202.2","28.0","252.0","+57.0"
"196","Wilson Ramos","TB","C","107","460","208.7","69.4","200.0","+4.0"
"197","Corey Dickerson","PIT","LF,DH","151","289","202.1","36.0","219.0","+22.0"
"198","Mitch Haniger","SEA","RF","128","273","206.1","35.1","225.0","+27.0"
"199","Dylan Bundy","BAL","SP","118","302","203.0","48.5","170.0","-29.0"
"200","Maikel Franco","PHI","3B","138","285","204.2","33.2","249.0","+49.0"
"201","Scooter Gennett","CIN","2B,3B,LF","109","347","207.7","48.5","190.0","-11.0"
"202","Bradley Zimmer","CLE","CF","104","297","209.2","36.3","205.0","+3.0"
"203","Blake Snell","TB","SP","164","273","210.1","28.2","204.0","+1.0"
"204","Kevin Gausman","BAL","SP","151","335","209.0","41.8","188.0","-16.0"
"205","David Peralta","ARI","LF,RF","128","328","211.0","38.0","284.0","+79.0"
"206","Andrelton Simmons","LAA","SS","136","335","208.2","42.9","193.0","-13.0"
"207","Josh Reddick","HOU","LF,CF,RF","108","311","215.5","42.7","251.0","+44.0"
"208","Cole Hamels","TEX","SP","157","288","213.4","36.3","199.0","-9.0"
"209","Dinelson Lamet","SD","SP","139","285","215.1","38.9","215.0","+6.0"
"210","Michael Brantley","CLE","LF","143","300","215.1","35.5","234.0","+24.0"
"211","Jason Kipnis","CLE","2B,CF","176","293","215.4","31.6","242.0","+31.0"
"212","Hanley Ramirez","BOS","1B,DH","122","431","216.6","66.7","376.0","+164.0"
"213","Taijuan Walker","ARI","SP","151","317","220.1","36.6","196.0","-17.0"
"214","Mike Zunino","SEA","C","130","442","227.8","65.9","185.0","-29.0"
"215","Brad Brach","BAL","RP","135","289","216.1","35.9","210.0","-5.0"
"216","Tim Anderson","CWS","SS","163","285","219.6","26.7","222.0","+6.0"
"217","Archie Bradley","ARI","RP","133","332","223.4","45.2","183.0","-34.0"
"218","Welington Castillo","CWS","C","131","496","232.3","67.6","208.0","-10.0"
"219","Todd Frazier","NYM","3B","144","300","223.1","35.2","240.0","+21.0"
"220","Blake Treinen","OAK","RP","138","310","221.1","43.8","198.0","-22.0"
"221","Stephen Piscotty","OAK","RF","138","312","221.3","37.7","274.0","+53.0"
"222","Marcus Semien","OAK","SS","148","294","223.1","35.7","262.0","+40.0"
"223","Lance Lynn","","SP ","122","283","223.3","37.9","207.0","-16.0"
"224","Cesar Hernandez","PHI","2B","137","298","224.4","39.4","257.0","+33.0"
"225","Zack Cozart","LAA","SS","166","314","226.6","35.2","217.0","-8.0"
"226","Carlos Gonzalez","","RF ","139","402","232.3","60.5","352.0","+126.0"
"227","Brian McCann","HOU","C","128","454","240.4","59.0","228.0","+1.0"
"228","Delino DeShields","TEX","LF,CF","147","311","228.0","40.1","211.0","-17.0"
"229","Brandon Belt","SF","1B,LF","152","298","230.4","35.7","334.0","+105.0"
"230","Addison Russell","CHC","SS","166","326","229.7","39.6","235.0","+5.0"
"231","Greg Holland","","RP ","112","344","227.3","43.3","159.0","-72.0"
"232","Rick Porcello","BOS","SP","170","326","234.7","31.4","220.0","-12.0"
"233","Jacob Faria","TB","SP","161","317","237.2","36.7","214.0","-19.0"
"234","Kendrys Morales","TOR","1B,DH","162","315","233.1","38.1","288.0","+54.0"
"235","Jose Peraza","CIN","2B,SS","155","309","230.5","39.3","233.0","-2.0"
"236","Ryon Healy","SEA","1B,3B,DH","163","346","235.4","40.3","246.0","+10.0"
"237","Kole Calhoun","LAA","RF","155","286","236.7","33.2","306.0","+69.0"
"238","Blake Parker","LAA","RP","112","315","233.3","46.2","203.0","-35.0"
"239","Jorge Polanco","MIN","SS","160","333","226.5","36.2","256.0","+17.0"
"240","Willie Calhoun","TEX","LF","102","281","228.3","43.5","248.0","+8.0"
"241","Aaron Altherr","PHI","LF,CF,RF","149","401","241.7","43.2","270.0","+29.0"
"242","Julio Teheran","ATL","SP","201","331","242.7","31.3","221.0","-21.0"
"243","J.A. Happ","TOR","SP","115","314","241.7","41.1","266.0","+23.0"
"244","Max Kepler","MIN","CF,RF","170","312","239.9","32.6","273.0","+29.0"
"245","Sean Manaea","OAK","SP","164","348","245.2","37.2","245.0","-"
"246","Dellin Betances","NYY","RP","154","315","242.4","36.9","237.0","-9.0"
"247","Michael Clevinger","CLE","SP,RP","125","339","245.6","43.7","213.0","-34.0"
"248","Jonathan Lucroy","","C ","147","448","246.6","59.3","218.0","-30.0"
"249","Orlando Arcia","MIL","SS","153","298","238.1","34.9","195.0","-54.0"
"250","Starlin Castro","MIA","2B","185","306","240.9","31.9","286.0","+36.0"
"251","Yonder Alonso","CLE","1B","117","352","233.0","46.9","359.0","+108.0"
"252","Aaron Hicks","NYY","LF,CF,RF","151","408","246.0","44.0","241.0","-11.0"
"253","Fernando Rodney","MIN","RP","161","315","247.9","35.1","216.0","-37.0"
"254","Tim Beckham","BAL","2B,SS","139","293","241.0","36.7","265.0","+11.0"
"255","Albert Pujols","LAA","1B,DH","150","358","244.2","44.3","292.0","+37.0"
"256","Michael Wacha","STL","SP","170","397","249.9","49.3","255.0","-1.0"
"257","David Dahl","COL","LF,CF,RF ","187","337","254.3","30.4","226.0","-31.0"
"258","Alex Cobb","","SP ","169","340","254.7","38.3","223.0","-35.0"
"259","Tanner Roark","WSH","SP","165","300","251.1","32.7","250.0","-9.0"
"260","Ervin Santana","MIN","SP","189","337","257.5","34.8","231.0","-29.0"
"261","Aaron Sanchez","TOR","SP","162","330","257.7","37.0","201.0","-60.0"
"262","Randal Grichuk","TOR","LF,RF","113","328","250.1","46.1","346.0","+84.0"
"263","Matt Kemp","LAD","LF","170","418","253.0","56.0","315.0","+52.0"
"264","Yasmani Grandal","LAD","C","157","499","264.0","64.5","230.0","-34.0"
"265","Michael Taylor","WSH","CF","179","342","257.0","39.5","238.0","-27.0"
"266","Brad Peacock","HOU","SP,RP","131","382","260.7","46.9","227.0","-39.0"
"267","Luke Gregerson","STL","RP","123","353","256.5","48.3","327.0","+60.0"
"268","Shane Greene","DET","RP","156","432","263.0","56.8","224.0","-44.0"
"269","Jordan Montgomery","NYY","SP","181","335","259.9","33.4","264.0","-5.0"
"270","Austin Barnes","LAD","C,2B","149","410","262.1","59.0","206.0","-64.0"
"271","David Robertson","NYY","RP","145","409","263.4","49.5","247.0","-24.0"
"272","Jimmy Nelson","MIL","SP ","111","469","272.1","60.5","358.0","+86.0"
"273","Jose Martinez","STL","1B,LF,RF","131","385","262.9","55.7","311.0","+38.0"
"274","Logan Morrison","MIN","1B","186","301","262.2","31.7","326.0","+52.0"
"275","Patrick Corbin","ARI","SP","175","321","259.2","39.9","244.0","-31.0"
"276","Josh Harrison","PIT","2B,3B,LF","142","357","259.1","47.2","323.0","+47.0"
"277","Lucas Giolito","CWS","SP","224","353","270.8","33.5","236.0","-41.0"
"278","Ryan McMahon","COL","1B","160","468","268.5","74.2","351.0","+73.0"
"279","Jake Odorizzi","MIN","SP","191","330","272.6","32.9","281.0","+2.0"
"280","Matt Chapman","OAK","3B","213","398","276.1","40.2","289.0","+9.0"
"281","Dustin Pedroia","BOS","2B","212","493","281.3","68.2","294.0","+13.0"
"282","Chris Devenski","HOU","RP","162","391","276.1","53.4","275.0","-7.0"
"283","Hunter Renfroe","SD","RF","220","366","275.3","31.0","381.0","+98.0"
"284","Amed Rosario","NYM","SS","162","361","278.0","39.4","239.0","-45.0"
"285","Carlos Rodon","CWS","SP ","201","392","286.0","50.1","413.0","+128.0"
"286","Zach Britton","BAL","RP ","177","473","284.9","61.2","263.0","-23.0"
"287","Jedd Gyorko","STL","1B,2B,3B","196","390","276.9","44.8","456.0","+169.0"
"288","Nick Williams","PHI","LF,CF,RF","202","362","275.4","41.4","329.0","+41.0"
"289","Marco Estrada","TOR","SP","139","338","276.4","44.4","355.0","+66.0"
"290","Alexander Claudio","TEX","RP","163","496","285.9","72.8","310.0","+20.0"
"291","Alexander Reyes","STL","SP","208","362","280.5","32.1","254.0","-37.0"
"292","Chris Owings","ARI","2B,SS,RF","200","371","280.7","41.9","309.0","+17.0"
"293","Lewis Brinson","MIA","LF,CF ","190","414","276.8","44.2","354.0","+61.0"
"294","Scott Schebler","CIN","CF,RF","212","445","280.2","52.4","342.0","+48.0"
"295","C.J. Cron","TB","1B","139","412","288.8","64.3","507.0","+212.0"
"296","Chad Green","NYY","RP","175","416","274.9","63.2","268.0","-28.0"
"297","Zach Davies","MIL","SP","173","355","279.5","50.2","280.0","-17.0"
"298","Jose Bautista","","RF ","160","395","274.8","45.3","298.0","-"
"299","Robinson Chirinos","TEX","C","173","425","292.7","58.4","296.0","-3.0"
"300","Gleyber Torres","NYY","SS ","168","404","284.1","50.0","232.0","-68.0"
"301","Carlos Gomez","","CF ","219","375","283.8","37.3","455.0","+154.0"
"302","Luiz Gohara","ATL","SP","237","373","280.7","38.6","276.0","-26.0"
"303","Felix Hernandez","SEA","SP","217","322","283.2","25.6","259.0","-44.0"
"304","Jesse Winker","CIN","RF","191","421","300.3","64.8","371.0","+67.0"
"305","Eduardo Rodriguez","BOS","SP","218","415","291.7","46.4","409.0","+104.0"
"306","A.J. Ramos","NYM","RP","218","416","293.0","49.1","374.0","+68.0"
"307","Austin Hays","BAL","CF,RF","172","467","304.6","77.6","330.0","+23.0"
"308","Tyler Chatwood","CHC","SP,RP","178","378","289.9","47.6","291.0","-17.0"
"309","Brad Ziegler","MIA","RP","164","422","302.3","61.6","383.0","+74.0"
"310","Kyle Barraclough","MIA","RP","214","417","294.0","46.5","407.0","+97.0"
"311","Russell Martin","TOR","C,3B","205","449","295.3","53.2","290.0","-21.0"
"312","Josh Hader","MIL","RP","190","380","296.1","57.5","287.0","-25.0"
"313","Joc Pederson","LAD","CF","182","456","305.6","58.1","361.0","+48.0"
"314","Joe Musgrove","PIT","SP,RP","145","466","301.5","76.0","439.0","+125.0"
"315","Dansby Swanson","ATL","SS","217","412","303.0","49.0","301.0","-14.0"
"316","Ketel Marte","ARI","SS","201","414","304.5","62.9","396.0","+80.0"
"317","Addison Reed","MIN","RP","172","421","294.8","60.0","293.0","-24.0"
"318","Keon Broxton","MIL","CF","244","403","298.9","45.8","339.0","+21.0"
"319","Brandon Crawford","SF","SS","182","362","292.6","44.4","271.0","-48.0"
"320","Melky Cabrera","","LF,RF ","206","439","306.3","52.7","307.0","-13.0"
"321","Devon Travis","TOR","2B","188","435","314.5","61.7","332.0","+11.0"
"322","Daniel Straily","MIA","SP","197","387","298.3","55.5","416.0","+94.0"
"323","Austin Hedges","SD","C","174","399","300.7","69.5","319.0","-4.0"
"324","Hunter Pence","SF","RF","222","449","315.6","63.7","389.0","+65.0"
"325","Chris Iannetta","COL","C","201","368","288.0","53.9","303.0","-22.0"
"326","Ryan Madson","WSH","RP","155","416","297.7","82.4","333.0","+7.0"
"327","Yangervis Solarte","TOR","2B,3B,SS","236","434","302.5","52.4","300.0","-27.0"
"328","Cameron Bedrosian","LAA","RP","192","396","295.3","47.8","400.0","+72.0"
"329","Asdrubal Cabrera","NYM","2B,3B,SS","208","405","312.5","59.4","314.0","-15.0"
"330","Joe Mauer","MIN","1B","211","420","314.0","60.3","391.0","+61.0"
"331","C.J. Edwards","CHC","RP","182","418","313.9","71.9","362.0","+31.0"
"332","Dustin Fowler","OAK","RF","192","406","306.0","68.0","434.0","+102.0"
"333","Miles Mikolas","STL","SP","231","422","306.4","48.3","377.0","+44.0"
"334","Seung-Hwan Oh","TOR","RP","151","530","317.0","103.5","340.0","+6.0"
"335","Bradley Boxberger","ARI","RP","168","463","336.7","96.4","419.0","+84.0"
"336","Jeimer Candelario","DET","3B","201","394","303.9","47.7","399.0","+63.0"
"337","Mark Reynolds","","1B ","254","401","296.1","38.7","426.0","+89.0"
"338","Derek Fisher","HOU","LF,RF","224","421","311.6","57.3","498.0","+160.0"
"339","Jorge Alfaro","PHI","C","199","442","322.3","71.7","283.0","-56.0"
"340","Mike Leake","SEA","SP","210","421","306.8","60.8","373.0","+33.0"
"341","Joe Panik","SF","2B","195","431","329.8","75.2","278.0","-63.0"
"342","Tyler Glasnow","PIT","SP,RP","238","464","316.7","62.6","452.0","+110.0"
"343","Lucas Duda","KC","1B,DH","167","464","344.1","87.2","523.0","+180.0"
"344","Alex Avila","ARI","C,1B","236","407","304.5","51.5","363.0","+19.0"
"345","Kevin Pillar","TOR","CF","244","390","305.9","39.8","277.0","-68.0"
"346","Victor Robles","WSH","RF","219","411","307.3","56.8","272.0","-74.0"
"347","James McCann","DET","C","175","492","345.5","89.7","385.0","+38.0"
"348","Mitch Moreland","BOS","1B","202","439","331.8","72.6","369.0","+21.0"
"349","Yasmany Tomas","ARI","LF","208","327","287.0","40.6","418.0","+69.0"
"350","Matt Shoemaker","LAA","SP","223","481","319.4","65.3","437.0","+87.0"
"351","J.P. Crawford","PHI","3B,SS","242","479","331.5","70.0","356.0","+5.0"
"352","Anthony Swarzak","NYM","RP","178","474","318.7","96.8","489.0","+137.0"
"353","Joakim Soria","CWS","RP","208","472","319.2","74.4","316.0","-37.0"
"354","Jake Junis","KC","SP","207","459","345.4","75.1","462.0","+108.0"
"355","Dominic Leone","STL","RP","196","499","341.0","108.5","613.0","+258.0"
"356","Mike Minor","TEX","SP,RP","215","436","308.1","58.7","405.0","+49.0"
"357","Mychal Antonio Givens","BAL","RP","181","398","314.4","74.4","398.0","+41.0"
"358","Yandy Diaz","CLE","3B","132","486","328.3","147.1","591.0","+233.0"
"359","Francisco Mejia","CLE","C,DH","204","454","322.3","84.7","313.0","-46.0"
"360","Logan Forsythe","LAD","2B,3B","229","485","333.4","72.2","364.0","+4.0"
"361","Hyun-Jin Ryu","LAD","SP","249","437","323.7","55.0","429.0","+68.0"
"362","CC Sabathia","NYY","SP ","166","449","335.2","75.6","295.0","-67.0"
"363","Sam Dyson","SF","RP","207","528","362.1","102.3","480.0","+117.0"
"364","Travis d'Arnaud","NYM","C","245","468","335.4","67.9","336.0","-28.0"
"365","Keone Kela","TEX","RP","188","438","336.2","75.4","379.0","+14.0"
"366","Ben Zobrist","CHC","2B,LF,RF","239","600","365.2","94.0","305.0","-61.0"
"367","Nate Jones","CWS","RP ","205","483","379.4","90.3","366.0","-1.0"
"368","Victor Martinez","DET","DH","256","566","328.9","76.1","520.0","+152.0"
"369","Mallex Smith","TB","LF,CF,RF","227","386","331.9","50.8","402.0","+33.0"
"370","Yusmeiro Petit","OAK","RP","233","484","339.8","90.9","592.0","+222.0"
"371","Pedro Strop","CHC","RP","196","639","389.0","129.7","629.0","+258.0"
"372","Jerad Eickhoff","PHI","SP","206","417","331.4","53.6","445.0","+73.0"
"373","German Marquez","COL","SP","230","488","334.6","61.2","423.0","+50.0"
"374","A.J. Minter","ATL","RP","228","471","375.0","89.9","482.0","+108.0"
"375","Jason Heyward","CHC","CF,RF","268","427","335.0","53.8","347.0","-28.0"
"376","Pat Neshek","PHI","RP","183","512","357.7","107.2","331.0","-45.0"
"377","Tommy Kahnle","NYY","RP","198","472","368.0","97.8","382.0","+5.0"
"378","Teoscar Hernandez","TOR","LF","258","358","311.9","32.2","430.0","+52.0"
"379","Tyler Lyons","STL","RP","185","495","365.0","103.6","367.0","-12.0"
"380","Clint Frazier","NYY","LF,RF","227","475","345.5","78.9","475.0","+95.0"
"381","Tony Watson","SF","RP","235","760","401.8","212.3","380.0","-1.0"
"382","Austin Jackson","SF","LF,CF,RF","190","586","409.5","144.9","665.0","+283.0"
"383","Nick Vincent","SEA","RP","191","739","471.5","201.5","805.0","+422.0"
"384","Will Harris","HOU","RP","193","553","403.8","127.2","328.0","-56.0"
"385","Justin Wilson","CHC","RP","195","641","480.0","174.0","650.0","+265.0"
"386","Sean Newcomb","ATL","SP","244","390","325.6","43.0","410.0","+24.0"
"387","Hector Rondon","HOU","RP","197","617","470.5","170.4","658.0","+271.0"
"388","Manny Pina","MIL","C","222","441","358.8","91.6","420.0","+32.0"
"389","Gerardo Parra","COL","LF,RF","256","372","320.2","37.3","441.0","+52.0"
"390","Jack Flaherty","STL","SP","256","472","348.2","65.4","394.0","+4.0"
"391","Tommy Hunter","PHI","RP","202","589","438.3","153.8","678.0","+287.0"
"392","Joshua Fields","LAD","RP","207","727","496.8","195.2","758.0","+366.0"
"393","Juan Minaya","CWS","RP","242","470","347.4","74.5","417.0","+24.0"
"394","Denard Span","TB","CF","254","471","355.3","72.8","571.0","+177.0"
"395","Liam Hendriks","OAK","RP","212","709","460.5","248.5","762.0","+367.0"
"396","Matt Harvey","NYM","SP","271","387","320.3","38.6","348.0","-48.0"
"397","Jacob Barnes","MIL","RP","223","637","414.6","145.3","662.0","+265.0"
"398","Wilmer Flores","NYM","1B,2B,3B","243","477","348.3","76.4","446.0","+48.0"
"399","Darren O'Day","BAL","RP","217","572","432.8","142.3","626.0","+227.0"
"400","Matt Wieters","WSH","C","264","399","318.1","37.9","368.0","-32.0"
"401","Mike Montgomery","CHC","SP,RP","218","461","382.0","67.6","390.0","-11.0"
"402","Tyler Flowers","ATL","C","271","396","318.6","41.5","395.0","-7.0"
"403","Jerry Blevins","NYM","RP","220","803","518.3","214.4","841.0","+438.0"
"404","Nick Goody","CLE","RP","225","655","500.3","172.5","681.0","+277.0"
"405","Troy Tulowitzki","TOR","SS","272","484","360.1","69.7","308.0","-97.0"
"406","Joe Smith","HOU","RP","229","737","502.8","189.9","704.0","+298.0"
"407","Steven Matz","NYM","SP","267","431","330.5","46.6","375.0","-32.0"
"408","Juan Nicasio","SEA","RP","232","525","398.6","97.2","522.0","+114.0"
"409","Kolten Wong","STL","2B","260","425","341.9","46.5","473.0","+64.0"
"410","Ryan Tepera","TOR","RP","237","610","400.4","131.5","691.0","+281.0"
"411","John Lackey","","SP ","245","455","358.1","66.0","378.0","-33.0"
"412","Cameron Maybin","MIA","LF,CF,RF","265","546","362.0","86.6","392.0","-20.0"
"413","Bryan Shaw","COL","RP","238","618","428.0","190.0","677.0","+264.0"
"414","Steve Cishek","CHC","RP","239","570","437.8","128.8","401.0","-13.0"
"415","Brandon Drury","NYY","2B","239","494","397.5","71.3","304.0","-111.0"
"416","Michael Foltynewicz","ATL","SP","239","489","396.8","70.9","451.0","+35.0"
"417","Rajai Davis","CLE","LF,CF ","240","547","386.8","99.0","461.0","+44.0"
"418","Brandon McCarthy","ATL","SP","277","490","379.4","84.6","521.0","+103.0"
"419","Robert Stephenson","CIN","SP,RP ","245","445","372.1","63.7","506.0","+87.0"
"420","Ivan Nova","PIT","SP","251","467","354.1","60.4","444.0","+24.0"
"421","Hunter Strickland","SF","RP","247","643","492.5","158.3","724.0","+303.0"
"422","Mikie Mahtook","DET","LF,CF,RF","264","492","368.9","62.8","436.0","+14.0"
"423","Matt Bush","TEX","RP","249","496","389.0","84.9","387.0","-36.0"
"424","Tommy Joseph","PHI","1B","269","468","373.2","79.3","512.0","+88.0"
"425","David Phelps","SEA","RP","250","862","529.3","225.2","794.0","+369.0"
"426","Jose De Leon","TB","SP,RP ","252","753","447.7","154.0","619.0","+193.0"
"427","Michael Kopech","CWS","SP ","274","447","368.3","71.1","299.0","-128.0"
"428","Bud Norris","STL","SP,RP","253","746","449.3","190.2","501.0","+73.0"
"429","Scott Kingery","PHI","2B ","253","500","403.8","96.1","318.0","-111.0"
"430","Ross Stripling","LAD","RP","254","718","476.3","173.5","722.0","+292.0"
"431","Pedro Baez","LAD","RP","255","712","474.0","170.9","714.0","+283.0"
"432","Matt Davidson","CWS","1B,3B,DH","260","498","393.2","87.5","469.0","+37.0"
"433","Jorge Soler","KC","RF","266","481","381.0","76.0","549.0","+116.0"
"434","George Kontos","PIT","RP","257","904","561.8","236.2","889.0","+455.0"
"435","Nick Markakis","ATL","RF","259","452","390.0","64.8","349.0","-86.0"
"436","Jaime Garcia","TOR","SP","260","552","410.0","94.2","438.0","+2.0"
"437","Michael Feliz","PIT","RP ","261","701","481.0","220.0","761.0","+324.0"
"438","Koda Glover","WSH","RP","262","660","485.8","154.1","674.0","+236.0"
"439","Anthony DeSclafani","CIN","SP","270","453","359.6","51.8","440.0","+1.0"
"440","Aledmys Diaz","TOR","SS","272","485","350.4","76.0","567.0","+127.0"
"441","Mike Napoli","CLE","1B,DH ","274","453","358.0","77.4","603.0","+162.0"
"442","Brad Miller","TB","2B","275","560","400.8","83.7","551.0","+109.0"
"443","Neil Walker","","1B,2B ","272","460","367.1","66.3","499.0","+56.0"
"444","Jorge Bonifacio","KC","LF,RF","269","433","356.9","55.0","509.0","+65.0"
"445","Tyler Anderson","COL","SP","279","475","383.6","63.8","530.0","+85.0"
"446","Curtis Granderson","TOR","LF,CF,RF","270","498","383.9","66.8","357.0","-89.0"
"447","Ryan Buchter","OAK","RP","271","789","515.5","192.0","743.0","+296.0"
"448","Dominic Smith","NYM","1B","274","439","361.3","64.9","408.0","-40.0"
"449","Brandon Woodruff","MIL","SP","272","535","418.1","77.6","481.0","+32.0"
"450","Kurt Suzuki","ATL","C","272","442","353.8","57.1","344.0","-106.0"
"451","Jed Lowrie","OAK","2B","285","467","373.8","57.3","536.0","+85.0"
"452","Raul Adalberto Mondesi","KC","2B","276","499","385.1","75.7","421.0","-31.0"
"453","Brandon Phillips","","2B,3B ","286","472","394.6","72.8","335.0","-118.0"
"454","Shawn Kelley","WSH","RP","275","868","500.3","221.4","",""
"455","Stephen Vogt","MIL","C","275","458","377.8","56.3","442.0","-13.0"
"456","Nick Senzel","CIN","3B ","278","483","405.9","61.3","258.0","-198.0"
"457","Hernan Perez","MIL","2B,3B,SS,LF,CF,RF","279","534","403.6","85.5","447.0","-10.0"
"458","Andrew Cashner","BAL","SP","280","563","430.0","116.2","495.0","+37.0"
"459","Lonnie Chisenhall","CLE","LF,CF,RF","280","465","394.0","57.2","491.0","+32.0"
"460","Reynaldo Lopez","CWS","SP","281","468","371.7","61.6","414.0","-46.0"
"461","Daniel Hudson","TB","RP","282","807","479.0","204.7","806.0","+345.0"
"462","Adrian Gonzalez","NYM","1B","283","462","386.9","66.9","590.0","+128.0"
"463","Erasmo Ramirez","SEA","SP,RP","283","462","403.4","65.0","525.0","+62.0"
"464","Cory Spangenberg","SD","3B,LF","285","454","361.2","61.7","487.0","+23.0"
"465","Jacoby Ellsbury","NYY","CF","291","482","374.6","64.2","372.0","-93.0"
"466","Jose Pirela","SD","LF","287","480","371.8","62.3","484.0","+18.0"
"467","Colin Moran","PIT","1B ","288","475","386.5","57.8","531.0","+64.0"
"468","Jhoulys Chacin","MIL","SP","288","461","359.6","54.0","422.0","-46.0"
"469","Nick Pivetta","PHI","SP","290","477","408.1","55.2","527.0","+58.0"
"470","Jason Vargas","NYM","SP","290","464","398.3","57.7","345.0","-125.0"
"471","Tom Murphy","COL","C","292","479","398.0","78.4","559.0","+88.0"
"472","Raimel Tapia","COL","LF,RF","293","462","366.7","57.8","463.0","-9.0"
"473","Brett Cecil","STL","RP","296","692","464.3","145.3","731.0","+258.0"
"474","Francisco Rodriguez","WSH","RP ","296","652","435.0","132.8","",""
"475","Jason Castro","MIN","C","297","477","393.3","67.9","478.0","+3.0"
"476","Adam Ottavino","COL","RP","299","690","444.3","174.7","783.0","+307.0"
"477","Josh Tomlin","CLE","SP","301","480","413.4","69.7","563.0","+86.0"
"478","Jose Iglesias","DET","SS","302","527","425.5","78.8","504.0","+26.0"
"479","Brandon Moss","OAK","1B,DH","303","476","414.0","78.7","558.0","+79.0"
"480","Albert Almora","CHC","CF","304","478","397.0","57.2","474.0","-6.0"
"481","Tyler Skaggs","LAA","SP","304","462","370.4","49.3","472.0","-9.0"
"482","Andrew Heaney","LAA","SP","308","481","394.3","48.1","433.0","-49.0"
"483","Christian Vazquez","BOS","C","310","465","375.2","51.7","312.0","-171.0"
"484","Daniel Mengden","OAK","SP","316","488","437.7","56.2","449.0","-35.0"
"485","Yoshihisa Hirano","ARI","RP","317","565","433.5","72.8","468.0","-17.0"
"486","Chance Sisco","BAL","C","319","469","377.8","52.9","448.0","-38.0"
"487","Freddy Galvis","SD","SS","319","458","372.9","48.8","470.0","-17.0"
"488","Jose Reyes","NYM","2B,3B,SS","320","473","403.2","56.2","297.0","-191.0"
"489","Matt Joyce","OAK","LF,RF","321","510","420.3","72.6","526.0","+37.0"
"490","Vincent Velasquez","PHI","SP","322","472","378.9","49.2","450.0","-40.0"
"491","Adam Wainwright","STL","SP","324","458","391.1","41.3","415.0","-76.0"
"492","J.C. Ramirez","LAA","SP","325","548","433.7","75.5","614.0","+122.0"
"493","Collin McHugh","HOU","SP","325","423","368.2","32.8","427.0","-66.0"
"494","Santiago Casilla","OAK","RP","327","619","474.8","103.5","734.0","+240.0"
"495","Walker Buehler","LAD","SP,RP","327","512","415.9","59.5","320.0","-175.0"
"496","Brent Suter","MIL","SP,RP","328","556","431.4","83.3","621.0","+125.0"
"497","Tyler Clippard","","RP ","329","959","592.3","267.4","",""
"498","Chase Headley","SD","1B,3B","329","486","418.4","52.2","353.0","-145.0"
"499","Jarrod Dyson","ARI","LF,CF","332","519","418.5","66.5","454.0","-45.0"
"500","Martin Prado","MIA","3B","333","522","451.4","64.9","548.0","+48.0"
"501","Kennys Vargas","MIN","1B,DH","333","500","441.7","76.9","690.0","+189.0"
"502","Miguel Andujar","NYY","3B","334","471","415.7","50.7","317.0","-185.0"
"503","Miguel Gonzalez","CWS","SP","336","786","500.0","155.7","823.0","+320.0"
"504","Jharel Cotton","OAK","SP","336","394","371.0","21.4","494.0","-10.0"
"505","Seth Lugo","NYM","SP","338","569","448.0","81.4","625.0","+120.0"
"506","Derek Dietrich","MIA","1B,2B,3B","340","631","448.9","89.2","612.0","+106.0"
"507","Brandon Finnegan","CIN","SP","340","501","434.4","45.0","545.0","+38.0"
"508","Steve Pearce","TOR","1B,LF","341","498","408.7","65.9","655.0","+147.0"
"509","Brandon Maurer","KC","RP","342","543","431.0","72.1","641.0","+132.0"
"510","Caleb Joseph","BAL","C","342","513","448.0","75.6","325.0","-185.0"
"511","Matt Andriese","TB","SP","343","584","460.3","73.7","586.0","+75.0"
"512","Clayton Richard","SD","SP","343","504","445.1","56.6","596.0","+84.0"
"513","Chad Kuhl","PIT","SP","343","500","406.9","50.7","486.0","-27.0"
"514","Adam Frazier","PIT","2B,LF,RF","345","524","426.7","56.4","505.0","-9.0"
"515","Ian Kennedy","KC","SP","345","486","418.3","44.2","578.0","+63.0"
"516","Daniel Norris","DET","SP","346","459","413.9","38.9","519.0","+3.0"
"517","Charlie Tilson","CWS","CF","347","464","405.5","58.5","568.0","+51.0"
"518","Drew Steckenrider","MIA","RP","348","511","448.4","57.3","465.0","-53.0"
"519","Francisco Cervelli","PIT","C ","349","541","456.0","79.9","546.0","+27.0"
"520","Chris Stratton","SF","SP","349","506","430.4","67.0","599.0","+79.0"
"521","Kendall Graveman","OAK","SP","350","510","446.3","52.9","517.0","-4.0"
"522","Nicky Delmonico","CWS","IF,LF","350","480","432.4","45.4","562.0","+40.0"
"523","Tucker Barnhart","CIN","C","354","503","416.0","56.3","365.0","-158.0"
"524","Cameron Rupp","PHI","C","354","497","406.0","54.3","598.0","+74.0"
"525","Jim Johnson","LAA","RP","356","567","445.0","89.2","656.0","+131.0"
"526","Jake Marisnick","HOU","CF","356","534","452.0","65.8","634.0","+108.0"
"527","Kyle Gibson","MIN","SP","357","516","448.0","51.8","579.0","+52.0"
"528","Matt Adams","WSH","1B,LF","358","518","427.6","52.5","595.0","+67.0"
"529","Ariel Miranda","SEA","SP","359","568","461.0","79.1","607.0","+78.0"
"530","Franklin Barreto","OAK","2B,SS","360","644","484.5","102.3","431.0","-99.0"
"531","Johan Camargo","ATL","2B,3B,SS","360","493","450.8","54.0","556.0","+25.0"
"532","Leonys Martin","DET","CF,RF","360","488","433.3","48.5","577.0","+45.0"
"533","Junior Guerra","MIL","SP,RP","362","813","497.8","160.4","815.0","+282.0"
"534","Sean Rodriguez","PIT","2B,3B,SS,LF,RF","363","716","539.7","144.1","730.0","+196.0"
"535","Ben Gamel","SEA","LF,RF","364","523","413.7","48.4","540.0","+5.0"
"536","Alex Dickerson","SD","LF,RF","365","635","478.2","93.7","684.0","+148.0"
"537","Yan Gomes","CLE","C","365","553","434.3","60.3","424.0","-113.0"
"538","Matt Moore","TEX","SP","365","476","421.7","40.4","428.0","-110.0"
"539","Chris Herrmann","ARI","C,LF","369","487","428.0","59.0","585.0","+46.0"
"540","Sandy Leon","BOS","C","370","600","509.0","99.8","648.0","+108.0"
"541","Bruce Maxwell","OAK","C","371","563","457.0","68.6","574.0","+33.0"
"542","Brandon Kintzler","WSH","RP","371","474","441.5","42.0","302.0","-240.0"
"543","Dixon Machado","DET","2B,SS","372","683","533.0","127.2","657.0","+114.0"
"544","Carson Fulmer","CWS","SP","373","528","461.7","57.5","490.0","-54.0"
"545","Robbie Grossman","MIN","LF,RF,DH","374","743","546.0","151.7","723.0","+178.0"
"546","Nathan Karns","KC","SP","375","550","444.6","66.3","594.0","+48.0"
"547","Wei-Yin Chen","MIA","SP","376","677","458.7","95.6","711.0","+164.0"
"548","Joe Biagini","TOR","SP,RP","376","651","487.0","95.9","670.0","+122.0"
"549","Roberto Perez","CLE","C","376","625","538.7","115.1","679.0","+130.0"
"550","Martin Maldonado","LAA","C","377","591","467.0","90.6","510.0","-40.0"
"551","Trevor Cahill","","SP,RP ","377","558","475.0","64.1","661.0","+110.0"
"552","Zack Wheeler","NYM","SP ","377","529","441.4","43.5","532.0","-20.0"
"553","Brandon Nimmo","NYM","LF,CF,RF","378","607","481.4","80.6","589.0","+36.0"
"554","Jason Hammel","KC","SP","378","538","441.1","52.7","624.0","+70.0"
"555","Chris Carter","OAK","1B ","379","714","539.7","137.1","",""
"556","Cheslor Cuthbert","KC","3B","380","532","467.6","49.0","668.0","+112.0"
"557","Brett Phillips","MIL","CF","382","536","447.3","64.7","515.0","-42.0"
"558","Magneuris Sierra","MIA","CF,RF","383","544","477.5","67.2","646.0","+88.0"
"559","Tyson Ross","SD","SP ","384","602","472.0","93.8","464.0","-95.0"
"560","Mark Leiter Jr.","PHI","P","384","593","483.8","83.8","583.0","+23.0"
"561","Nathan Eovaldi","TB","SP","384","592","488.0","104.0","654.0","+93.0"
"562","Eduardo Escobar","MIN","2B,3B,SS,DH","384","554","431.5","71.1","432.0","-130.0"
"563","Mike Fiers","DET","SP","386","531","464.7","52.4","631.0","+68.0"
"564","Kyle Freeland","COL","SP,RP","387","546","481.0","58.8","649.0","+85.0"
"565","Leury Garcia","CWS","LF,CF,RF ","388","577","494.3","79.0","617.0","+52.0"
"566","Tyler Naquin","CLE","CF","389","838","548.7","205.0","861.0","+295.0"
"567","Andrew Triggs","OAK","SP","389","537","461.8","60.0","608.0","+41.0"
"568","Julio Urias","LAD","SP ","392","679","485.8","95.6","412.0","-156.0"
"569","Amir Garrett","CIN","SP,RP","392","678","497.2","102.4","725.0","+156.0"
"570","Matthew Strahm","SD","SP,RP","392","585","495.0","76.0","644.0","+74.0"
"571","Seth Smith","","LF,RF ","393","816","604.5","211.5","854.0","+283.0"
"572","Jose Urena","MIA","SP,RP","394","561","449.4","60.8","370.0","-202.0"
"573","Trevor Williams","PIT","SP,RP","394","551","454.6","49.7","513.0","-60.0"
"574","Jordan Zimmermann","DET","SP","395","626","496.5","72.4","496.0","-78.0"
"575","Matt Duffy","TEX","1B,3B ","395","552","470.7","64.2","",""
"576","Jeff Hoffman","COL","SP,RP","397","616","477.4","85.2","659.0","+83.0"
"577","Howie Kendrick","WSH","2B,LF","399","630","489.8","79.9","620.0","+43.0"
"578","Jose Leclerc","TEX","RP","400","605","520.7","87.5","697.0","+119.0"
"579","Ben Lively","PHI","SP","401","641","533.3","99.5","633.0","+54.0"
"580","Matt Albers","MIL","RP","401","624","508.3","88.0","709.0","+129.0"
"581","Paulo Orlando","KC","CF,RF","402","770","585.0","150.2","820.0","+239.0"
"582","Craig Stammen","SD","RP","403","837","600.7","179.3","",""
"583","Chad Pinder","OAK","2B,SS,RF","404","604","472.8","68.8","543.0","-40.0"
"584","Matt Duffy","TB","2B,3B,SS","404","474","439.0","35.0","576.0","-8.0"
"585","Emilio Pagan","OAK","RP","405","587","504.8","74.1","386.0","-199.0"
"586","Alcides Escobar","KC","SS","405","573","496.2","54.7","533.0","-53.0"
"587","Rafael Montero","NYM","SP,RP","408","627","534.0","92.4","747.0","+160.0"
"588","Harrison Bader","STL","CF","408","578","493.0","85.0","602.0","+14.0"
"589","Tyler Mahle","CIN","SP","410","568","457.5","64.3","453.0","-136.0"
"590","Adam Conley","MIA","SP","411","784","523.2","133.6","727.0","+137.0"
"591","Jordy Mercer","PIT","SS","413","517","472.2","41.2","561.0","-30.0"
"592","Jesus Aguilar","MIL","1B","415","569","477.0","66.4","623.0","+31.0"
"593","Dan Vogelbach","SEA","1B","416","628","538.7","89.7","719.0","+126.0"
"594","Parker Bridwell","LAA","SP","416","574","483.0","66.7","393.0","-201.0"
"595","Jeremy Hellickson","","SP ","417","673","505.3","118.6","581.0","-14.0"
"596","Neftali Feliz","ARI","RP ","418","654","536.0","118.0","",""
"597","Eloy Jimenez","CWS","LF,RF ","418","573","462.0","64.3","261.0","-336.0"
"598","Shelby Miller","ARI","SP ","419","811","574.3","147.6","742.0","+144.0"
"599","Alex Verdugo","LAD","CF","419","555","487.0","68.0","403.0","-196.0"
"600","Matt Boyd","DET","SP","420","646","501.8","82.8","627.0","+27.0"
"601","Brian Goodwin","WSH","LF,CF,RF ","420","609","534.7","82.3","676.0","+75.0"
"602","Dillon Peters","MIA","SP","420","578","478.4","66.6","642.0","+40.0"
"603","Trevor Hildenberger","MIN","RP","424","585","477.5","63.5","322.0","-281.0"
"604","Adam Warren","NYY","RP","425","693","568.0","110.1","737.0","+133.0"
"605","Tony Wolters","COL","C","426","638","564.0","97.7","695.0","+90.0"
"606","Dan Jennings","TB","RP","427","684","566.3","106.0","776.0","+170.0"
"607","Carson Smith","BOS","RP","428","615","544.3","82.9","643.0","+36.0"
"608","Carter Capps","SD","RP","429","642","523.5","95.6","673.0","+65.0"
"609","Gabriel Ynoa","BAL","SP,RP","430","681","568.3","104.1","",""
"610","A.J. Cole","WSH","SP","432","607","544.7","79.8","584.0","-26.0"
"611","Kirby Yates","SD","RP","433","597","502.3","69.3","587.0","-24.0"
"612","Marco Gonzales","SEA","SP","434","730","540.6","110.4","760.0","+148.0"
"613","Joe Jimenez","DET","RP","434","601","544.7","78.3","524.0","-89.0"
"614","Yolmer Sanchez","CWS","2B,3B","435","610","486.4","65.5","538.0","-76.0"
"615","Robert Gsellman","NYM","SP,RP","435","577","486.5","57.4","653.0","+38.0"
"616","Scott Alexander","LAD","RP","437","776","605.0","138.4","735.0","+119.0"
"617","Sergio Romo","TB","RP","438","916","652.3","198.2","765.0","+148.0"
"618","Buck Farmer","DET","SP,RP","441","907","674.0","233.0","",""
"619","Ezequiel Carrera","TOR","LF,CF,RF ","441","761","602.7","130.7","784.0","+165.0"
"620","Luis Perdomo","SD","SP","441","508","474.5","33.5","529.0","-91.0"
"621","Tom Murphy","COL","C ","441","468","454.5","13.5","",""
"622","Francisco Liriano","DET","SP,RP","444","771","607.5","163.5","",""
"623","Boog Powell","OAK","CF","447","612","524.3","67.8","682.0","+59.0"
"624","Alex Gordon","KC","LF,CF","448","566","501.4","43.6","630.0","+6.0"
"625","Bryan Mitchell","SD","SP,RP ","450","611","523.3","66.5","615.0","-10.0"
"626","Adam Lind","","1B,LF ","450","479","464.5","14.5","535.0","-91.0"
"627","Homer Bailey","CIN","SP","451","533","481.0","36.9","628.0","+1.0"
"628","David Hernandez","CIN","RP ","453","827","630.7","153.3","792.0","+164.0"
"629","Ricky Nolasco","","SP ","455","751","603.0","148.0","746.0","+117.0"
"630","Keynan Middleton","LAA","RP","456","671","580.3","90.9","700.0","+70.0"
"631","Brendan Rodgers","COL","SS ","456","642","554.3","76.3","285.0","-346.0"
"632","Andrew Toles","LAD","LF,CF ","457","630","531.0","72.8","610.0","-22.0"
"633","Brian Anderson","MIA","3B","457","581","501.3","56.5","616.0","-17.0"
"634","Zach McAllister","CLE","RP","458","687","587.7","95.9","",""
"635","Ty Blach","SF","SP,RP","459","731","603.0","111.6","597.0","-38.0"
"636","Adalberto Mejia","MIN","SP","467","625","565.3","70.1","663.0","+27.0"
"637","James Shields","CWS","SP","468","704","586.0","118.0","717.0","+80.0"
"638","Miguel Castro","BAL","RP","469","782","626.0","127.8","",""
"639","Luis Valbuena","LAA","1B,3B","470","629","544.0","66.4","541.0","-98.0"
"640","Doug Fister","TEX","SP","472","632","540.8","69.4","660.0","+20.0"
"641","Cory Gearrin","SF","RP","473","880","661.3","167.5","",""
"642","Wilmer Font","LAD","RP","477","682","597.3","87.4","799.0","+157.0"
"643","Brock Stewart","LAD","SP,RP","477","634","552.0","64.3","635.0","-8.0"
"644","Alex Meyer","LAA","SP,RP ","478","635","573.7","68.5","692.0","+48.0"
"645","Devin Mesoraco","CIN","C ","478","616","536.3","58.3","497.0","-148.0"
"646","Sal Romano","CIN","SP,RP","480","747","621.0","109.5","732.0","+86.0"
"647","Sandy Alcantara","MIA","P","483","639","542.3","62.1","645.0","-2.0"
"648","Jesse Chavez","TEX","SP,RP","484","957","720.5","236.5","",""
"649","Phil Maton","SD","P","485","748","624.3","107.9","753.0","+104.0"
"650","Jurickson Profar","TEX","LF ","487","643","564.7","63.7","647.0","-3.0"
"651","Lane Adams","ATL","LF,CF","489","632","560.5","71.5","693.0","+42.0"
"652","Hansel Robles","NYM","RP","491","763","633.7","111.4","866.0","+214.0"
"653","Francis Martes","HOU","SP,RP","491","649","570.0","79.0","593.0","-60.0"
"654","Tyler O'Neill","STL","LF","492","715","603.5","111.5","508.0","-146.0"
"655","Lucas Sims","ATL","SP","493","749","630.3","105.3","701.0","+46.0"
"656","Michael Lorenzen","CIN","RP","496","651","581.0","64.2","573.0","-83.0"
"657","Paul Blackburn","OAK","SP","497","877","675.3","156.0","",""
"658","Ronald Torreyes","NYY","2B,3B,SS","497","617","567.0","51.0","384.0","-274.0"
"659","Jesus Sucre","TB","C","498","713","612.3","88.3","736.0","+77.0"
"660","Yunel Escobar","","3B ","498","710","604.0","106.0","752.0","+92.0"
"661","Brett Nicholas","TEX","C","499","806","652.5","153.5","848.0","+187.0"
"662","Max Stassi","HOU","C","500","800","650.0","150.0","831.0","+169.0"
"663","John Hicks","DET","C,1B","521","601","561.0","40.0","764.0","+101.0"
"664","Abraham Almonte","CLE","LF,CF,RF","547","912","729.5","182.5","808.0","+144.0"
"665","David Freese","PIT","3B","561","621","591.0","30.0","688.0","+23.0"
"666","Adeiny Hechavarria","TB","SS","576","589","582.5","6.5","552.0","-114.0"
"667","Jon Jay","","LF,CF,RF ","579","665","622.0","43.0","755.0","+88.0"
"668","J.T. Riddle","MIA","SS ","596","797","696.5","100.5","781.0","+113.0"
"669","Erick Aybar","MIN","SS ","613","662","637.5","24.5","",""
"670","Alex Presley","","LF,CF,RF ","623","917","770.0","147.0","891.0","+221.0"
"671","Jen-Ho Tseng","CHC","SP,RP","637","726","681.5","44.5","833.0","+162.0"
"672","Braxton Lee","MIA","OF ","645","695","670.0","25.0","803.0","+131.0"
"673","Miguel Montero","WSH","C ","648","805","726.5","78.5","801.0","+128.0"
"674","Daniel Descalso","ARI","1B,2B,3B,LF","650","812","731.0","81.0","739.0","+65.0"
""
""